<?xml version="1.0" encoding="UTF-8"?>
<beans xmlns="http://www.springframework.org/schema/beans"
	xmlns:xsi="http://www.w3.org/2001/XMLSchema-instance"
	xsi:schemaLocation="http://www.springframework.org/schema/beans http://www.springframework.org/schema/beans/spring-beans.xsd">

<!--2. 같은 타입의 생성자를 보기에 이름이 아무리 이상해도 작동되야 한다  -->
	<bean name="instrument1" class="kr.human.di.vo.Instrument">
		<property name="name" value="한사람"/>
	</bean>
	
	<bean name="performer1" class="kr.human.di.vo.Performer">
		<property name="instrument" ref="instrument1"></property>
	</bean>
	
<!--1. autowire="constructor" : 같은 타입의 변수를 갖는 생성자가 존재하면 자동으로 주입해라 -->	
	<bean name="performer2" class="kr.human.di.vo.Performer" autowire="constructor"/>
</beans>
