<?xml version="1.0" encoding="UTF-8"?>
<beans xmlns="http://www.springframework.org/schema/beans"
	xmlns:xsi="http://www.w3.org/2001/XMLSchema-instance"
	xmlns:context="http://www.springframework.org/schema/context"
	xmlns:util="http://www.springframework.org/schema/util"
	xsi:schemaLocation="http://www.springframework.org/schema/beans http://www.springframework.org/schema/beans/spring-beans.xsd
		http://www.springframework.org/schema/context http://www.springframework.org/schema/context/spring-context-4.3.xsd
		http://www.springframework.org/schema/util http://www.springframework.org/schema/util/spring-util-4.3.xsd">

	<context:component-scan base-package="kr.human.di"></context:component-scan>
	<!-- 내가 만든것은 anootation으로, 남이 만든것을 xml에서 한줄로 적어서 사용 -->
	
	<!-- 빈으로 프로퍼티를 읽을때, 프로퍼티 파일을 사용하겠다 -->
	<!-- 1. PropertySourcesPlaceholderConfigurer 객체 사용 -->
	<!-- 
	<bean class="org.springframework.context.support.PropertySourcesPlaceholderConfigurer">
        <property name="ignoreUnresolvablePlaceholders" value="true"/> 없으면 무시하라는 의미 
        <property name="locations">  list의 value 
          <list>
            <value>classpath:properties/application.properties</value>
            <value>classpath:properties/jdbc.properties</value>
          </list>
        </property>
      </bean>
       -->
     
     <!--2. util 네임스페이스를 사용하는 방법 -->
     <util:properties id="config" location="classpath:properties/application.properties">
     </util:properties>
     <util:properties id="db" location="classpath:properties/jdbc.properties">
     </util:properties>
     
     <!-- util을 쓸때 DB연결 -->
     <bean id="dataSource2" class="org.springframework.jdbc.datasource.DriverManagerDataSource">
      <property name="driverClassName" value="#{db['m.driver']}"></property>
      <property name="url" value="#{db['m.url']}"></property>
      <property name="username"  value="#{db['m.username']}"></property>
      <property name="password" value="#{db['m.password']}"></property>
     </bean>

     <!--3. context 네임스페이스 사용하는 방법 (앞으로 이 방법만 사용하자)-->
     <context:property-placeholder location="classpath:properties/*"/>
     
	<!-- DB연결 -->
   <bean id="dataSource1" class="org.springframework.jdbc.datasource.DriverManagerDataSource">
      <property name="driverClassName" value="${o.driver}"></property>
      <property name="url" value="${o.url}"></property>
      <property name="username"  value="${o.username}"></property>
      <property name="password" value="${o.password}"></property>
   </bean>
   
     
    <beans profile="Development">
        <import resource="dev-config-context.xml"/>
    </beans>
    <beans profile="Production">
        <import resource="prod-config-context.xml"/>
    </beans>
      
</beans>
