<?xml version="1.0" encoding="UTF-8"?>
<beans xmlns="http://www.springframework.org/schema/beans"
	xmlns:xsi="http://www.w3.org/2001/XMLSchema-instance"
	xmlns:context="http://www.springframework.org/schema/context"
	xsi:schemaLocation="http://www.springframework.org/schema/beans http://www.springframework.org/schema/beans/spring-beans.xsd
		http://www.springframework.org/schema/context http://www.springframework.org/schema/context/spring-context-4.3.xsd">

	<context:component-scan base-package="kr.human.di"></context:component-scan>
	<!-- 내가 만든것은 anootation으로, 남이 만든것을 xml에서 한줄로 적어서 사용 -->
	
	<!-- 빈으로 프로퍼티를 읽을때, 프로퍼티 파일을 사용하겠다 -->
	<bean class="org.springframework.context.support.PropertySourcesPlaceholderConfigurer">
        <property name="ignoreUnresolvablePlaceholders" value="true"/><!-- 없으면 무시하라는 의미 -->
        <property name="locations"> <!-- list의 value -->
          <list>
            <value>classpath:properties/application.properties</value>
          </list>
        </property>
      </bean>
      
</beans>
